title,first_name,last_name,release_year,category_id
Academy Dinosaur,Penelope,Guiness,-0001,6
Anaconda Confessions,Penelope,Guiness,-0001,2
Angels Life,Penelope,Guiness,-0001,13
Bulworth Commandments,Penelope,Guiness,-0001,10
Cheaper Clyde,Penelope,Guiness,-0001,14
Color Philadelphia,Penelope,Guiness,-0001,4
Elephant Trojan,Penelope,Guiness,-0001,11
Gleaming Jawbreaker,Penelope,Guiness,-0001,15
Human Graffiti,Penelope,Guiness,-0001,10
King Evolution,Penelope,Guiness,-0001,8
Lady Stage,Penelope,Guiness,-0001,11
Language Cowboy,Penelope,Guiness,-0001,3
Mulholland Beast,Penelope,Guiness,-0001,9
Oklahoma Jumanji,Penelope,Guiness,-0001,13
Rules Human,Penelope,Guiness,-0001,11
Splash Gump,Penelope,Guiness,-0001,8
Vertigo Northwest,Penelope,Guiness,-0001,5
Westward Seabiscuit,Penelope,Guiness,-0001,4
Wizard Coldblooded,Penelope,Guiness,-0001,12
Adaptation Holes,Nick,Wahlberg,-0001,6
Apache Divine,Nick,Wahlberg,-0001,8
Baby Hall,Nick,Wahlberg,-0001,9
Bull Shawshank,Nick,Wahlberg,-0001,1
Chainsaw Uptown,Nick,Wahlberg,-0001,14
Chisum Behavior,Nick,Wahlberg,-0001,8
Destiny Saturday,Nick,Wahlberg,-0001,13
Dracula Crystal,Nick,Wahlberg,-0001,4
Fight Jawbreaker,Nick,Wahlberg,-0001,2
Flash Wars,Nick,Wahlberg,-0001,13
Gilbert Pelican,Nick,Wahlberg,-0001,4
Goodfellas Salute,Nick,Wahlberg,-0001,14
Happiness United,Nick,Wahlberg,-0001,9
Indian Love,Nick,Wahlberg,-0001,8
Jekyll Frogmen,Nick,Wahlberg,-0001,13
Jersey Sassy,Nick,Wahlberg,-0001,3
Liaisons Sweet,Nick,Wahlberg,-0001,16
Lucky Flying,Nick,Wahlberg,-0001,12
Maguire Apache,Nick,Wahlberg,-0001,8
Mallrats United,Nick,Wahlberg,-0001,5
Mask Peach,Nick,Wahlberg,-0001,13
Roof Champion,Nick,Wahlberg,-0001,10
Rushmore Mermaid,Nick,Wahlberg,-0001,5
Smile Earring,Nick,Wahlberg,-0001,16
Wardrobe Phantom,Nick,Wahlberg,-0001,7
Alone Trip,Ed,Chase,-0001,12
Army Flintstones,Ed,Chase,-0001,6
Artist Coldblooded,Ed,Chase,-0001,15
Boondock Ballroom,Ed,Chase,-0001,16
Caddyshack Jedi,Ed,Chase,-0001,1
Cowboy Doom,Ed,Chase,-0001,9
Eve Resurrection,Ed,Chase,-0001,13
Forrest Sons,Ed,Chase,-0001,1
French Holiday,Ed,Chase,-0001,6
Frost Head,Ed,Chase,-0001,4
Halloween Nuts,Ed,Chase,-0001,6
Hunter Alter,Ed,Chase,-0001,6
Image Princess,Ed,Chase,-0001,15
Jeepers Wedding,Ed,Chase,-0001,4
Luck Opus,Ed,Chase,-0001,7
Necklace Outbreak,Ed,Chase,-0001,7
Platoon Instinct,Ed,Chase,-0001,13
Spice Sorority,Ed,Chase,-0001,7
Wedding Apollo,Ed,Chase,-0001,6
Weekend Personal,Ed,Chase,-0001,14
Whale Bikini,Ed,Chase,-0001,9
Young Language,Ed,Chase,-0001,6
Anaconda Confessions,Jennifer,Davis,-0001,2
Angels Life,Jennifer,Davis,-0001,13
Barefoot Manchurian,Jennifer,Davis,-0001,1
Bed Highball,Jennifer,Davis,-0001,6
Blade Polish,Jennifer,Davis,-0001,7
Boondock Ballroom,Jennifer,Davis,-0001,16
Ghostbusters Elf,Jennifer,Davis,-0001,2
Greedy Roots,Jennifer,Davis,-0001,7
Hanover Galaxy,Jennifer,Davis,-0001,12
Instinct Airport,Jennifer,Davis,-0001,15
Jumanji Blade,Jennifer,Davis,-0001,13
National Story,Jennifer,Davis,-0001,6
Oklahoma Jumanji,Jennifer,Davis,-0001,13
Poseidon Forever,Jennifer,Davis,-0001,15
Raiders Antitrust,Jennifer,Davis,-0001,6
Random Go,Jennifer,Davis,-0001,14
Reds Pocus,Jennifer,Davis,-0001,12
Silverado Goldfinger,Jennifer,Davis,-0001,14
Splash Gump,Jennifer,Davis,-0001,8
Submarine Bed,Jennifer,Davis,-0001,5
Treasure Command,Jennifer,Davis,-0001,11
Unforgiven Zoolander,Jennifer,Davis,-0001,14
Amadeus Holy,Johnny,Lollobrigida,-0001,1
Banger Pinocchio,Johnny,Lollobrigida,-0001,12
Bonnie Holocaust,Johnny,Lollobrigida,-0001,6
Chitty Lock,Johnny,Lollobrigida,-0001,7
Commandments Express,Johnny,Lollobrigida,-0001,11
Coneheads Smoochy,Johnny,Lollobrigida,-0001,7
Daddy Pittsburgh,Johnny,Lollobrigida,-0001,5
Daisy Menagerie,Johnny,Lollobrigida,-0001,14
Enough Raging,Johnny,Lollobrigida,-0001,16
Escape Metropolis,Johnny,Lollobrigida,-0001,16
Fire Wolves,Johnny,Lollobrigida,-0001,10
Frontier Cabin,Johnny,Lollobrigida,-0001,13
Goodfellas Salute,Johnny,Lollobrigida,-0001,14
Grail Frankenstein,Johnny,Lollobrigida,-0001,1
Groove Fiction,Johnny,Lollobrigida,-0001,15
Hall Cassidy,Johnny,Lollobrigida,-0001,3
Heavenly Gun,Johnny,Lollobrigida,-0001,12
Kramer Chocolate,Johnny,Lollobrigida,-0001,15
Love Suicides,Johnny,Lollobrigida,-0001,11
Metal Armageddon,Johnny,Lollobrigida,-0001,6
Pacific Amistad,Johnny,Lollobrigida,-0001,6
Patton Interview,Johnny,Lollobrigida,-0001,11
Pocus Pulp,Johnny,Lollobrigida,-0001,6
Ridgemont Submarine,Johnny,Lollobrigida,-0001,13
Rings Heartbreakers,Johnny,Lollobrigida,-0001,1
Smile Earring,Johnny,Lollobrigida,-0001,16
Soldiers Evolution,Johnny,Lollobrigida,-0001,14
Star Operation,Johnny,Lollobrigida,-0001,15
Sunrise League,Johnny,Lollobrigida,-0001,2
Antitrust Tomatoes,Bette,Nicholson,-0001,1
Bang Kwai,Bette,Nicholson,-0001,8
Beast Hunchback,Bette,Nicholson,-0001,4
Bikini Borrowers,Bette,Nicholson,-0001,2
Calendar Gunfight,Bette,Nicholson,-0001,9
Coast Rainbow,Bette,Nicholson,-0001,6
Coldblooded Darling,Bette,Nicholson,-0001,14
Crossroads Casualties,Bette,Nicholson,-0001,2
Drop Waterfront,Bette,Nicholson,-0001,15
Igby Maker,Bette,Nicholson,-0001,16
Kramer Chocolate,Bette,Nicholson,-0001,15
Language Cowboy,Bette,Nicholson,-0001,3
Lesson Cleopatra,Bette,Nicholson,-0001,15
Liberty Magnificent,Bette,Nicholson,-0001,15
Mulholland Beast,Bette,Nicholson,-0001,9
Potluck Mixed,Bette,Nicholson,-0001,2
Speed Suit,Bette,Nicholson,-0001,16
Titanic Boondock,Bette,Nicholson,-0001,2
Trading Pinocchio,Bette,Nicholson,-0001,15
Wyoming Storm,Bette,Nicholson,-0001,13
Angels Life,Grace,Mostel,-0001,13
Anonymous Human,Grace,Mostel,-0001,15
Arachnophobia Rollercoaster,Grace,Mostel,-0001,11
Berets Agent,Grace,Mostel,-0001,1
Breaking Home,Grace,Mostel,-0001,13
Command Darling,Grace,Mostel,-0001,9
Confessions Maguire,Grace,Mostel,-0001,7
Dazed Punk,Grace,Mostel,-0001,10
Deceiver Betrayed,Grace,Mostel,-0001,7
Destination Jerk,Grace,Mostel,-0001,7
Excitement Eve,Grace,Mostel,-0001,1
Gaslight Crusade,Grace,Mostel,-0001,11
Hellfighters Sierra,Grace,Mostel,-0001,9
Instinct Airport,Grace,Mostel,-0001,15
Malkovich Pet,Grace,Mostel,-0001,4
Necklace Outbreak,Grace,Mostel,-0001,7
October Submarine,Grace,Mostel,-0001,4
Open African,Grace,Mostel,-0001,14
Poseidon Forever,Grace,Mostel,-0001,15
Saints Bride,Grace,Mostel,-0001,7
Savannah Town,Grace,Mostel,-0001,7
Scissorhands Slums,Grace,Mostel,-0001,9
Sleepless Monsoon,Grace,Mostel,-0001,2
Sleepy Japanese,Grace,Mostel,-0001,13
Sting Personal,Grace,Mostel,-0001,13
Town Ark,Grace,Mostel,-0001,9
Tracy Cider,Grace,Mostel,-0001,2
Treatment Jekyll,Grace,Mostel,-0001,7
War Notting,Grace,Mostel,-0001,9
Warlock Werewolf,Grace,Mostel,-0001,3
Baby Hall,Matthew,Johansson,-0001,9
Campus Remember,Matthew,Johansson,-0001,1
Clones Pinocchio,Matthew,Johansson,-0001,12
Conquerer Nuts,Matthew,Johansson,-0001,7
Crowds Telemark,Matthew,Johansson,-0001,14
Dances None,Matthew,Johansson,-0001,1
Driving Polish,Matthew,Johansson,-0001,12
Durham Panky,Matthew,Johansson,-0001,15
Flash Wars,Matthew,Johansson,-0001,13
Hanging Deep,Matthew,Johansson,-0001,7
Indian Love,Matthew,Johansson,-0001,8
Lights Deer,Matthew,Johansson,-0001,4
Loser Hustler,Matthew,Johansson,-0001,15
Malkovich Pet,Matthew,Johansson,-0001,4
Runner Madigan,Matthew,Johansson,-0001,12
School Jacket,Matthew,Johansson,-0001,9
Scorpion Apollo,Matthew,Johansson,-0001,7
Sugar Wonka,Matthew,Johansson,-0001,2
Tomorrow Hustler,Matthew,Johansson,-0001,4
Vanishing Rocky,Matthew,Johansson,-0001,12
Anything Savannah,Joe,Swank,-0001,11
Birch Antitrust,Joe,Swank,-0001,12
Chocolat Harry,Joe,Swank,-0001,8
Chocolate Duck,Joe,Swank,-0001,9
Crooked Frogmen,Joe,Swank,-0001,3
Curtain Videotape,Joe,Swank,-0001,10
Dalmations Sweden,Joe,Swank,-0001,7
Horror Reign,Joe,Swank,-0001,16
Lawless Vision,Joe,Swank,-0001,2
Lebowski Soldiers,Joe,Swank,-0001,7
Majestic Floats,Joe,Swank,-0001,6
Pacific Amistad,Joe,Swank,-0001,6
Perdition Fargo,Joe,Swank,-0001,15
Primary Glass,Joe,Swank,-0001,1
Reef Salute,Joe,Swank,-0001,11
Runner Madigan,Joe,Swank,-0001,12
Smile Earring,Joe,Swank,-0001,16
Snatchers Montezuma,Joe,Swank,-0001,4
Sunrise League,Joe,Swank,-0001,2
Sweethearts Suspects,Joe,Swank,-0001,3
Ties Hunger,Joe,Swank,-0001,3
Traffic Hobbit,Joe,Swank,-0001,16
Untouchables Sunrise,Joe,Swank,-0001,6
Waterfront Deliverance,Joe,Swank,-0001,1
Wild Apollo,Joe,Swank,-0001,13
Academy Dinosaur,Christian,Gable,-0001,6
Alabama Devil,Christian,Gable,-0001,11
Crooked Frogmen,Christian,Gable,-0001,3
Divine Resurrection,Christian,Gable,-0001,10
Dragonfly Strangers,Christian,Gable,-0001,13
Goldfinger Sensibility,Christian,Gable,-0001,7
Jawbreaker Brooklyn,Christian,Gable,-0001,12
Jeepers Wedding,Christian,Gable,-0001,4
Life Twisted,Christian,Gable,-0001,5
Lord Arizona,Christian,Gable,-0001,1
Mod Secretary,Christian,Gable,-0001,6
Prejudice Oleander,Christian,Gable,-0001,4
Punk Divorce,Christian,Gable,-0001,2
Reap Unfaithful,Christian,Gable,-0001,11
Shakespeare Saddle,Christian,Gable,-0001,15
Trouble Date,Christian,Gable,-0001,16
Usual Untouchables,Christian,Gable,-0001,9
Vacation Boondock,Christian,Gable,-0001,14
Waterfront Deliverance,Christian,Gable,-0001,1
Wedding Apollo,Christian,Gable,-0001,6
Wizard Coldblooded,Christian,Gable,-0001,12
Won Dares,Christian,Gable,-0001,12
Canyon Stock,Zero,Cage,-0001,2
Dances None,Zero,Cage,-0001,1
Encino Elf,Zero,Cage,-0001,10
Ending Crowds,Zero,Cage,-0001,13
Gandhi Kwai,Zero,Cage,-0001,8
Godfather Diary,Zero,Cage,-0001,13
Handicap Boondock,Zero,Cage,-0001,1
Honey Ties,Zero,Cage,-0001,15
Horn Working,Zero,Cage,-0001,2
Image Princess,Zero,Cage,-0001,15
Jersey Sassy,Zero,Cage,-0001,3
Loser Hustler,Zero,Cage,-0001,15
Meet Chocolate,Zero,Cage,-0001,9
Mod Secretary,Zero,Cage,-0001,6
Moonwalker Fool,Zero,Cage,-0001,10
Oleander Clue,Zero,Cage,-0001,12
Racer Egg,Zero,Cage,-0001,7
Story Side,Zero,Cage,-0001,1
Strangers Graffiti,Zero,Cage,-0001,11
Thin Sagebrush,Zero,Cage,-0001,6
Tootsie Pilot,Zero,Cage,-0001,3
Uptown Young,Zero,Cage,-0001,3
Velvet Terminator,Zero,Cage,-0001,5
West Lion,Zero,Cage,-0001,7
Worker Tarzan,Zero,Cage,-0001,16
Alley Evolution,Karl,Berry,-0001,9
Alone Trip,Karl,Berry,-0001,12
Arabia Dogma,Karl,Berry,-0001,11
Arizona Bang,Karl,Berry,-0001,4
Bound Cheaper,Karl,Berry,-0001,4
Bowfinger Gables,Karl,Berry,-0001,11
Bunch Minds,Karl,Berry,-0001,7
Cleopatra Devil,Karl,Berry,-0001,13
Connecticut Tramp,Karl,Berry,-0001,14
Dares Pluto,Karl,Berry,-0001,2
Date Speed,Karl,Berry,-0001,8
Day Unfaithful,Karl,Berry,-0001,13
Doors President,Karl,Berry,-0001,2
Fury Murder,Karl,Berry,-0001,3
Hardly Robbers,Karl,Berry,-0001,6
Highball Potter,Karl,Berry,-0001,9
Holes Brannigan,Karl,Berry,-0001,15
Independence Hotel,Karl,Berry,-0001,6
Leathernecks Dwarfs,Karl,Berry,-0001,16
Lucky Flying,Karl,Berry,-0001,12
Monterey Labyrinth,Karl,Berry,-0001,11
Novocaine Flight,Karl,Berry,-0001,15
Oklahoma Jumanji,Karl,Berry,-0001,13
Perfect Groove,Karl,Berry,-0001,5
Reap Unfaithful,Karl,Berry,-0001,11
Reunion Witches,Karl,Berry,-0001,7
Smoking Barbarella,Karl,Berry,-0001,6
Stagecoach Armageddon,Karl,Berry,-0001,1
Sweden Shining,Karl,Berry,-0001,5
Telemark Heartbreakers,Karl,Berry,-0001,2
Virginian Pluto,Karl,Berry,-0001,6
Alone Trip,Uma,Wood,-0001,12
Antitrust Tomatoes,Uma,Wood,-0001,1
Attraction Newton,Uma,Wood,-0001,13
Boondock Ballroom,Uma,Wood,-0001,16
Cabin Flash,Uma,Wood,-0001,3
Chinatown Gladiator,Uma,Wood,-0001,13
Clash Freddy,Uma,Wood,-0001,2
Clueless Bucket,Uma,Wood,-0001,1
Daisy Menagerie,Uma,Wood,-0001,14
Driver Annie,Uma,Wood,-0001,15
Frida Slipper,Uma,Wood,-0001,9
Galaxy Sweethearts,Uma,Wood,-0001,4
Grinch Massage,Uma,Wood,-0001,10
Groundhog Uncut,Uma,Wood,-0001,5
Homeward Cider,Uma,Wood,-0001,6
Inch Jet,Uma,Wood,-0001,2
Leathernecks Dwarfs,Uma,Wood,-0001,16
Legally Secretary,Uma,Wood,-0001,3
Life Twisted,Uma,Wood,-0001,5
Lion Uncut,Uma,Wood,-0001,5
Lolita World,Uma,Wood,-0001,8
Metal Armageddon,Uma,Wood,-0001,6
Model Fish,Uma,Wood,-0001,3
Moonwalker Fool,Uma,Wood,-0001,10
Motions Details,Uma,Wood,-0001,11
Rebel Airport,Uma,Wood,-0001,12
Rider Caddyshack,Uma,Wood,-0001,15
Snowman Rollercoaster,Uma,Wood,-0001,2
Soldiers Evolution,Uma,Wood,-0001,14
Splash Gump,Uma,Wood,-0001,8
Splendor Patton,Uma,Wood,-0001,3
Steel Santa,Uma,Wood,-0001,4
Torque Bound,Uma,Wood,-0001,7
Wedding Apollo,Uma,Wood,-0001,6
Zhivago Core,Uma,Wood,-0001,11
Clash Freddy,Vivien,Bergen,-0001,2
Cranes Reservoir,Vivien,Bergen,-0001,15
Dirty Ace,Vivien,Bergen,-0001,10
Donnie Alley,Vivien,Bergen,-0001,2
Drifter Commandments,Vivien,Bergen,-0001,1
Driving Polish,Vivien,Bergen,-0001,12
Drums Dynamite,Vivien,Bergen,-0001,11
Enemy Odds,Vivien,Bergen,-0001,12
Excitement Eve,Vivien,Bergen,-0001,1
Gorgeous Bingo,Vivien,Bergen,-0001,3
High Encino,Vivien,Bergen,-0001,11
Hills Neighbors,Vivien,Bergen,-0001,1
Hobbit Alien,Vivien,Bergen,-0001,7
Impact Aladdin,Vivien,Bergen,-0001,12
Italian African,Vivien,Bergen,-0001,16
Japanese Run,Vivien,Bergen,-0001,11
Kentuckian Giant,Vivien,Bergen,-0001,11
Lovely Jingle,Vivien,Bergen,-0001,4
Lover Truman,Vivien,Bergen,-0001,4
Mussolini Spoilers,Vivien,Bergen,-0001,15
Polish Brooklyn,Vivien,Bergen,-0001,3
Salute Apollo,Vivien,Bergen,-0001,13
Saturday Lambs,Vivien,Bergen,-0001,15
Stock Glass,Vivien,Bergen,-0001,13
Streetcar Intentions,Vivien,Bergen,-0001,11
Tights Dawn,Vivien,Bergen,-0001,15
Trap Guys,Vivien,Bergen,-0001,9
Tycoon Gathering,Vivien,Bergen,-0001,10
Voice Peach,Vivien,Bergen,-0001,13
Westward Seabiscuit,Vivien,Bergen,-0001,4
Apache Divine,Cuba,Olivier,-0001,8
Borrowers Bedazzled,Cuba,Olivier,-0001,2
Bound Cheaper,Cuba,Olivier,-0001,4
Butch Panther,Cuba,Olivier,-0001,13
Cassidy Wyoming,Cuba,Olivier,-0001,16
Divine Resurrection,Cuba,Olivier,-0001,10
Egypt Tenenbaums,Cuba,Olivier,-0001,11
Empire Malkovich,Cuba,Olivier,-0001,3
Flying Hook,Cuba,Olivier,-0001,2
Fugitive Maguire,Cuba,Olivier,-0001,16
Hellfighters Sierra,Cuba,Olivier,-0001,9
Hyde Doctor,Cuba,Olivier,-0001,4
Kiss Glory,Cuba,Olivier,-0001,9
Knock Warlock,Cuba,Olivier,-0001,5
Luke Mummy,Cuba,Olivier,-0001,2
Maker Gables,Cuba,Olivier,-0001,3
Montezuma Command,Cuba,Olivier,-0001,1
Noon Papi,Cuba,Olivier,-0001,3
Oklahoma Jumanji,Cuba,Olivier,-0001,13
Roses Treasure,Cuba,Olivier,-0001,15
Shane Darkness,Cuba,Olivier,-0001,16
Siege Madre,Cuba,Olivier,-0001,8
Soldiers Evolution,Cuba,Olivier,-0001,14
Theory Mermaid,Cuba,Olivier,-0001,2
Unforgiven Zoolander,Cuba,Olivier,-0001,14
Volcano Texas,Cuba,Olivier,-0001,10
Werewolf Lola,Cuba,Olivier,-0001,1
Wonderland Christmas,Cuba,Olivier,-0001,14
Blanket Beverly,Fred,Costner,-0001,8
Boondock Ballroom,Fred,Costner,-0001,16
Brotherhood Blanket,Fred,Costner,-0001,6
Carol Texas,Fred,Costner,-0001,2
Cleopatra Devil,Fred,Costner,-0001,13
Connecticut Tramp,Fred,Costner,-0001,14
Deceiver Betrayed,Fred,Costner,-0001,7
Deliverance Mulholland,Fred,Costner,-0001,6
Eagles Panky,Fred,Costner,-0001,13
Earring Instinct,Fred,Costner,-0001,8
Easy Gladiator,Fred,Costner,-0001,1
Empire Malkovich,Fred,Costner,-0001,3
Entrapment Satisfaction,Fred,Costner,-0001,1
Gables Metropolis,Fred,Costner,-0001,8
Human Graffiti,Fred,Costner,-0001,10
Image Princess,Fred,Costner,-0001,15
Impossible Prejudice,Fred,Costner,-0001,9
Inch Jet,Fred,Costner,-0001,2
Kramer Chocolate,Fred,Costner,-0001,15
Magnificent Chitty,Fred,Costner,-0001,4
Miracle Virtual,Fred,Costner,-0001,2
Mission Zoolander,Fred,Costner,-0001,2
Rear Trading,Fred,Costner,-0001,1
Saints Bride,Fred,Costner,-0001,7
Sense Greek,Fred,Costner,-0001,15
Theory Mermaid,Fred,Costner,-0001,2
Weekend Personal,Fred,Costner,-0001,14
Breaking Home,Helen,Voight,-0001,13
Caper Motions,Helen,Voight,-0001,5
Casper Dragonfly,Helen,Voight,-0001,3
Cat Coneheads,Helen,Voight,-0001,5
Clash Freddy,Helen,Voight,-0001,2
Cupboard Sinners,Helen,Voight,-0001,6
Cyclone Family,Helen,Voight,-0001,9
Divine Resurrection,Helen,Voight,-0001,10
Empire Malkovich,Helen,Voight,-0001,3
Fever Empire,Helen,Voight,-0001,10
Fidelity Devil,Helen,Voight,-0001,11
Greatest North,Helen,Voight,-0001,12
Independence Hotel,Helen,Voight,-0001,6
Iron Moon,Helen,Voight,-0001,4
Jaws Harry,Helen,Voight,-0001,5
Kiss Glory,Helen,Voight,-0001,9
Legally Secretary,Helen,Voight,-0001,3
Lies Treatment,Helen,Voight,-0001,7
Microcosmos Paradise,Helen,Voight,-0001,3
Movie Shakespeare,Helen,Voight,-0001,8
Mummy Creatures,Helen,Voight,-0001,15
Road Roxanne,Helen,Voight,-0001,6
Scissorhands Slums,Helen,Voight,-0001,9
Side Ark,Helen,Voight,-0001,1
Sinners Atlantis,Helen,Voight,-0001,11
Stranger Strangers,Helen,Voight,-0001,3
Sweethearts Suspects,Helen,Voight,-0001,3
Tadpole Park,Helen,Voight,-0001,4
Telemark Heartbreakers,Helen,Voight,-0001,2
Voice Peach,Helen,Voight,-0001,13
War Notting,Helen,Voight,-0001,9
Warlock Werewolf,Helen,Voight,-0001,3
Attacks Hate,Dan,Torn,-0001,14
Boiled Dares,Dan,Torn,-0001,16
Chinatown Gladiator,Dan,Torn,-0001,13
Coneheads Smoochy,Dan,Torn,-0001,7
Early Home,Dan,Torn,-0001,2
Elizabeth Shane,Dan,Torn,-0001,15
Empire Malkovich,Dan,Torn,-0001,3
Flash Wars,Dan,Torn,-0001,13
Gump Date,Dan,Torn,-0001,16
Innocent Usual,Dan,Torn,-0001,9
Insider Arizona,Dan,Torn,-0001,12
Jerk Paycheck,Dan,Torn,-0001,4
Lovely Jingle,Dan,Torn,-0001,4
Mask Peach,Dan,Torn,-0001,13
Mussolini Spoilers,Dan,Torn,-0001,15
Rear Trading,Dan,Torn,-0001,1
Sling Luke,Dan,Torn,-0001,4
State Wasteland,Dan,Torn,-0001,10
Sun Confessions,Dan,Torn,-0001,14
Tequila Past,Dan,Torn,-0001,3
Tuxedo Mile,Dan,Torn,-0001,15
Virgin Daisy,Dan,Torn,-0001,7
Ace Goldfinger,Bob,Fawcett,-0001,11
Adaptation Holes,Bob,Fawcett,-0001,6
Chinatown Gladiator,Bob,Fawcett,-0001,13
Circus Youth,Bob,Fawcett,-0001,3
Control Anthem,Bob,Fawcett,-0001,5
Dares Pluto,Bob,Fawcett,-0001,2
Darn Forrester,Bob,Fawcett,-0001,1
Dazed Punk,Bob,Fawcett,-0001,10
Dynamite Tarzan,Bob,Fawcett,-0001,4
Hate Handicap,Bob,Fawcett,-0001,5
Homicide Peach,Bob,Fawcett,-0001,8
Jacket Frisco,Bob,Fawcett,-0001,7
Jumanji Blade,Bob,Fawcett,-0001,13
Lawless Vision,Bob,Fawcett,-0001,2
Leathernecks Dwarfs,Bob,Fawcett,-0001,16
Oscar Gold,Bob,Fawcett,-0001,2
Pelican Comforts,Bob,Fawcett,-0001,6
Personal Ladybugs,Bob,Fawcett,-0001,12
Raging Airplane,Bob,Fawcett,-0001,14
Run Pacific,Bob,Fawcett,-0001,13
Runner Madigan,Bob,Fawcett,-0001,12
Saddle Antitrust,Bob,Fawcett,-0001,5
Scorpion Apollo,Bob,Fawcett,-0001,7
Shawshank Bubble,Bob,Fawcett,-0001,16
Taxi Kick,Bob,Fawcett,-0001,12
Academy Dinosaur,Lucille,Tracy,-0001,6
Banger Pinocchio,Lucille,Tracy,-0001,12
Bedazzled Married,Lucille,Tracy,-0001,8
Cheaper Clyde,Lucille,Tracy,-0001,14
Chitty Lock,Lucille,Tracy,-0001,7
Coldblooded Darling,Lucille,Tracy,-0001,14
Dinosaur Secretary,Lucille,Tracy,-0001,8
Doors President,Lucille,Tracy,-0001,2
Earring Instinct,Lucille,Tracy,-0001,8
Egg Igby,Lucille,Tracy,-0001,6
Gandhi Kwai,Lucille,Tracy,-0001,8
Goldfinger Sensibility,Lucille,Tracy,-0001,7
Hyde Doctor,Lucille,Tracy,-0001,4
Jaws Harry,Lucille,Tracy,-0001,5
Jungle Closer,Lucille,Tracy,-0001,13
King Evolution,Lucille,Tracy,-0001,8
Lola Agent,Lucille,Tracy,-0001,11
Lose Inch,Lucille,Tracy,-0001,9
Loverboy Attacks,Lucille,Tracy,-0001,13
Modern Dorado,Lucille,Tracy,-0001,6
Orient Closer,Lucille,Tracy,-0001,7
Pajama Jawbreaker,Lucille,Tracy,-0001,4
Patient Sister,Lucille,Tracy,-0001,4
Random Go,Lucille,Tracy,-0001,14
Rear Trading,Lucille,Tracy,-0001,1
Sagebrush Clueless,Lucille,Tracy,-0001,6
Shanghai Tycoon,Lucille,Tracy,-0001,16
Sun Confessions,Lucille,Tracy,-0001,14
Wasteland Divine,Lucille,Tracy,-0001,4
Window Side,Lucille,Tracy,-0001,16
Agent Truman,Kirsten,Paltrow,-0001,9
Boondock Ballroom,Kirsten,Paltrow,-0001,16
Born Spinal,Kirsten,Paltrow,-0001,16
Chicken Hellfighters,Kirsten,Paltrow,-0001,6
Closer Bang,Kirsten,Paltrow,-0001,5
Conquerer Nuts,Kirsten,Paltrow,-0001,7
Drifter Commandments,Kirsten,Paltrow,-0001,1
Encino Elf,Kirsten,Paltrow,-0001,10
Flash Wars,Kirsten,Paltrow,-0001,13
Hanover Galaxy,Kirsten,Paltrow,-0001,12
Home Pity,Kirsten,Paltrow,-0001,12
Honey Ties,Kirsten,Paltrow,-0001,15
Kill Brotherhood,Kirsten,Paltrow,-0001,6
Ladybugs Armageddon,Kirsten,Paltrow,-0001,10
Lord Arizona,Kirsten,Paltrow,-0001,1
Pinocchio Simon,Kirsten,Paltrow,-0001,5
Pluto Oleander,Kirsten,Paltrow,-0001,13
Prix Undefeated,Kirsten,Paltrow,-0001,8
Pulp Beverly,Kirsten,Paltrow,-0001,11
River Outlaw,Kirsten,Paltrow,-0001,15
Road Roxanne,Kirsten,Paltrow,-0001,6
Silverado Goldfinger,Kirsten,Paltrow,-0001,14
Sleeping Suspects,Kirsten,Paltrow,-0001,11
Thief Pelican,Kirsten,Paltrow,-0001,2
Titans Jerk,Kirsten,Paltrow,-0001,14
Unbreakable Karate,Kirsten,Paltrow,-0001,13
Won Dares,Kirsten,Paltrow,-0001,12
Alabama Devil,Elvis,Marx,-0001,11
Anaconda Confessions,Elvis,Marx,-0001,2
Barefoot Manchurian,Elvis,Marx,-0001,1
Borrowers Bedazzled,Elvis,Marx,-0001,2
Caddyshack Jedi,Elvis,Marx,-0001,1
Chitty Lock,Elvis,Marx,-0001,7
Evolution Alter,Elvis,Marx,-0001,15
Expecations Natural,Elvis,Marx,-0001,16
Gangs Pride,Elvis,Marx,-0001,2
Goodfellas Salute,Elvis,Marx,-0001,14
Hobbit Alien,Elvis,Marx,-0001,7
Hook Chariots,Elvis,Marx,-0001,2
Jericho Mulan,Elvis,Marx,-0001,10
Jumping Wrath,Elvis,Marx,-0001,3
Kentuckian Giant,Elvis,Marx,-0001,11
Lovely Jingle,Elvis,Marx,-0001,4
Motions Details,Elvis,Marx,-0001,11
Odds Boogie,Elvis,Marx,-0001,8
Outlaw Hanky,Elvis,Marx,-0001,16
Polish Brooklyn,Elvis,Marx,-0001,3
Right Cranes,Elvis,Marx,-0001,4
Roof Champion,Elvis,Marx,-0001,10
Seattle Expecations,Elvis,Marx,-0001,7
Sky Miracle,Elvis,Marx,-0001,1
Trojan Tomorrow,Elvis,Marx,-0001,14
Waterfront Deliverance,Elvis,Marx,-0001,1
Agent Truman,Sandra,Kilmer,-0001,9
Artist Coldblooded,Sandra,Kilmer,-0001,15
Blackout Private,Sandra,Kilmer,-0001,2
Bull Shawshank,Sandra,Kilmer,-0001,1
Candidate Perdition,Sandra,Kilmer,-0001,4
Candles Grapes,Sandra,Kilmer,-0001,10
Cassidy Wyoming,Sandra,Kilmer,-0001,16
Darn Forrester,Sandra,Kilmer,-0001,1
Destiny Saturday,Sandra,Kilmer,-0001,13
Divide Monster,Sandra,Kilmer,-0001,14
Driver Annie,Sandra,Kilmer,-0001,15
Goldmine Tycoon,Sandra,Kilmer,-0001,14
Gorgeous Bingo,Sandra,Kilmer,-0001,3
Hellfighters Sierra,Sandra,Kilmer,-0001,9
Hocus Frida,Sandra,Kilmer,-0001,8
Hotel Happiness,Sandra,Kilmer,-0001,9
Identity Lover,Sandra,Kilmer,-0001,14
Jumping Wrath,Sandra,Kilmer,-0001,3
Lovely Jingle,Sandra,Kilmer,-0001,4
Magnolia Forrester,Sandra,Kilmer,-0001,1
Oleander Clue,Sandra,Kilmer,-0001,12
Oz Liaisons,Sandra,Kilmer,-0001,2
Personal Ladybugs,Sandra,Kilmer,-0001,12
Poseidon Forever,Sandra,Kilmer,-0001,15
Savannah Town,Sandra,Kilmer,-0001,7
Shakespeare Saddle,Sandra,Kilmer,-0001,15
Sleeping Suspects,Sandra,Kilmer,-0001,11
Sons Interview,Sandra,Kilmer,-0001,2
Speed Suit,Sandra,Kilmer,-0001,16
Splendor Patton,Sandra,Kilmer,-0001,3
State Wasteland,Sandra,Kilmer,-0001,10
Stranger Strangers,Sandra,Kilmer,-0001,3
Streak Ridgemont,Sandra,Kilmer,-0001,6
Streetcar Intentions,Sandra,Kilmer,-0001,11
Vanished Garden,Sandra,Kilmer,-0001,13
Wolves Desire,Sandra,Kilmer,-0001,16
Youth Kick,Sandra,Kilmer,-0001,12
Adaptation Holes,Cameron,Streep,-0001,6
Blues Instinct,Cameron,Streep,-0001,8
Calendar Gunfight,Cameron,Streep,-0001,9
Casualties Encino,Cameron,Streep,-0001,1
Chocolate Duck,Cameron,Streep,-0001,9
Coast Rainbow,Cameron,Streep,-0001,6
Connection Microcosmos,Cameron,Streep,-0001,5
Crow Grease,Cameron,Streep,-0001,1
Cupboard Sinners,Cameron,Streep,-0001,6
Doom Dancing,Cameron,Streep,-0001,5
Drop Waterfront,Cameron,Streep,-0001,15
Elephant Trojan,Cameron,Streep,-0001,11
Freedom Cleopatra,Cameron,Streep,-0001,5
Haunted Antitrust,Cameron,Streep,-0001,16
Instinct Airport,Cameron,Streep,-0001,15
Legally Secretary,Cameron,Streep,-0001,3
Mob Duffel,Cameron,Streep,-0001,7
Movie Shakespeare,Cameron,Streep,-0001,8
Panic Club,Cameron,Streep,-0001,11
Pure Runner,Cameron,Streep,-0001,5
Seven Swarm,Cameron,Streep,-0001,10
Spinal Rocky,Cameron,Streep,-0001,8
Splash Gump,Cameron,Streep,-0001,8
West Lion,Cameron,Streep,-0001,7
American Circus,Kevin,Bloom,-0001,1
Boogie Amelie,Kevin,Bloom,-0001,12
Citizen Shrek,Kevin,Bloom,-0001,14
Conquerer Nuts,Kevin,Bloom,-0001,7
Dalmations Sweden,Kevin,Bloom,-0001,7
Date Speed,Kevin,Bloom,-0001,8
Destiny Saturday,Kevin,Bloom,-0001,13
Double Wrath,Kevin,Bloom,-0001,2
Fiction Christmas,Kevin,Bloom,-0001,9
Hate Handicap,Kevin,Bloom,-0001,5
Heavenly Gun,Kevin,Bloom,-0001,12
Holes Brannigan,Kevin,Bloom,-0001,15
Loverboy Attacks,Kevin,Bloom,-0001,13
Massage Image,Kevin,Bloom,-0001,2
Mission Zoolander,Kevin,Bloom,-0001,2
Mummy Creatures,Kevin,Bloom,-0001,15
Polish Brooklyn,Kevin,Bloom,-0001,3
Primary Glass,Kevin,Bloom,-0001,1
Sabrina Midnight,Kevin,Bloom,-0001,3
Sweden Shining,Kevin,Bloom,-0001,5
Trouble Date,Kevin,Bloom,-0001,16
Alabama Devil,Rip,Crawford,-0001,11
American Circus,Rip,Crawford,-0001,1
Arabia Dogma,Rip,Crawford,-0001,11
Boulevard Mob,Rip,Crawford,-0001,13
Brannigan Sunrise,Rip,Crawford,-0001,13
Bucket Brotherhood,Rip,Crawford,-0001,16
Chocolat Harry,Rip,Crawford,-0001,8
Craft Outfield,Rip,Crawford,-0001,7
Cyclone Family,Rip,Crawford,-0001,9
Destination Jerk,Rip,Crawford,-0001,7
Donnie Alley,Rip,Crawford,-0001,2
Fool Mockingbird,Rip,Crawford,-0001,1
Forrest Sons,Rip,Crawford,-0001,1
Frontier Cabin,Rip,Crawford,-0001,13
Gables Metropolis,Rip,Crawford,-0001,8
Guys Falcon,Rip,Crawford,-0001,14
Hall Cassidy,Rip,Crawford,-0001,3
Lonely Elephant,Rip,Crawford,-0001,5
Madison Trap,Rip,Crawford,-0001,6
Massage Image,Rip,Crawford,-0001,2
Oklahoma Jumanji,Rip,Crawford,-0001,13
Oscar Gold,Rip,Crawford,-0001,2
Pittsburgh Hunchback,Rip,Crawford,-0001,8
Polish Brooklyn,Rip,Crawford,-0001,3
Range Moonwalker,Rip,Crawford,-0001,8
Rings Heartbreakers,Rip,Crawford,-0001,1
Saints Bride,Rip,Crawford,-0001,7
Saturday Lambs,Rip,Crawford,-0001,15
Siege Madre,Rip,Crawford,-0001,8
Sorority Queen,Rip,Crawford,-0001,9
Texas Watch,Rip,Crawford,-0001,11
Train Bunch,Rip,Crawford,-0001,11
Tramp Others,Rip,Crawford,-0001,5
Amadeus Holy,Julia,Mcqueen,-0001,1
Arabia Dogma,Julia,Mcqueen,-0001,11
Bonnie Holocaust,Julia,Mcqueen,-0001,6
Cider Desire,Julia,Mcqueen,-0001,6
Coneheads Smoochy,Julia,Mcqueen,-0001,7
Effect Gladiator,Julia,Mcqueen,-0001,8
Freddy Storm,Julia,Mcqueen,-0001,11
Games Bowfinger,Julia,Mcqueen,-0001,16
Gladiator Westward,Julia,Mcqueen,-0001,8
Hanover Galaxy,Julia,Mcqueen,-0001,12
High Encino,Julia,Mcqueen,-0001,11
Insider Arizona,Julia,Mcqueen,-0001,12
Jawbreaker Brooklyn,Julia,Mcqueen,-0001,12
Kiss Glory,Julia,Mcqueen,-0001,9
Kramer Chocolate,Julia,Mcqueen,-0001,15
Lucky Flying,Julia,Mcqueen,-0001,12
Mockingbird Hollywood,Julia,Mcqueen,-0001,1
Monterey Labyrinth,Julia,Mcqueen,-0001,11
Open African,Julia,Mcqueen,-0001,14
Pilot Hoosiers,Julia,Mcqueen,-0001,8
Pittsburgh Hunchback,Julia,Mcqueen,-0001,8
President Bang,Julia,Mcqueen,-0001,8
Scorpion Apollo,Julia,Mcqueen,-0001,7
Sleepless Monsoon,Julia,Mcqueen,-0001,2
Spirit Flintstones,Julia,Mcqueen,-0001,11
Strangers Graffiti,Julia,Mcqueen,-0001,11
Sweethearts Suspects,Julia,Mcqueen,-0001,3
Telemark Heartbreakers,Julia,Mcqueen,-0001,2
Ties Hunger,Julia,Mcqueen,-0001,3
Train Bunch,Julia,Mcqueen,-0001,11
Weekend Personal,Julia,Mcqueen,-0001,14
Wonka Sea,Julia,Mcqueen,-0001,2
Young Language,Julia,Mcqueen,-0001,6
Alice Fantasia,Woody,Hoffman,-0001,4
Atlantis Cause,Woody,Hoffman,-0001,8
Beach Heartbreakers,Woody,Hoffman,-0001,6
Birch Antitrust,Woody,Hoffman,-0001,12
Breaking Home,Woody,Hoffman,-0001,13
Bunch Minds,Woody,Hoffman,-0001,7
Duck Racer,Woody,Hoffman,-0001,2
Durham Panky,Woody,Hoffman,-0001,15
Entrapment Satisfaction,Woody,Hoffman,-0001,1
Gilmore Boiled,Woody,Hoffman,-0001,4
Knock Warlock,Woody,Hoffman,-0001,5
Lambs Cincinatti,Woody,Hoffman,-0001,10
Loser Hustler,Woody,Hoffman,-0001,15
Maiden Home,Woody,Hoffman,-0001,13
Midnight Westward,Woody,Hoffman,-0001,1
Moonwalker Fool,Woody,Hoffman,-0001,10
Neighbors Charade,Woody,Hoffman,-0001,15
None Spiking,Woody,Hoffman,-0001,14
Pajama Jawbreaker,Woody,Hoffman,-0001,4
Pilot Hoosiers,Woody,Hoffman,-0001,8
Room Roman,Woody,Hoffman,-0001,2
Shootist Superfly,Woody,Hoffman,-0001,7
Shrunk Divine,Woody,Hoffman,-0001,1
Snowman Rollercoaster,Woody,Hoffman,-0001,2
Spice Sorority,Woody,Hoffman,-0001,7
Spy Mile,Woody,Hoffman,-0001,10
Telegraph Voyage,Woody,Hoffman,-0001,12
Trap Guys,Woody,Hoffman,-0001,9
Wait Cider,Woody,Hoffman,-0001,2
Wife Turn,Woody,Hoffman,-0001,6
Wyoming Storm,Woody,Hoffman,-0001,13
Aladdin Calendar,Alec,Wayne,-0001,15
Blade Polish,Alec,Wayne,-0001,7
Bull Shawshank,Alec,Wayne,-0001,1
Cabin Flash,Alec,Wayne,-0001,3
Center Dinosaur,Alec,Wayne,-0001,4
Chamber Italian,Alec,Wayne,-0001,12
Coneheads Smoochy,Alec,Wayne,-0001,7
Destiny Saturday,Alec,Wayne,-0001,13
Effect Gladiator,Alec,Wayne,-0001,8
Encounters Curtain,Alec,Wayne,-0001,7
Express Lonely,Alec,Wayne,-0001,14
Fiction Christmas,Alec,Wayne,-0001,9
Freedom Cleopatra,Alec,Wayne,-0001,5
Fugitive Maguire,Alec,Wayne,-0001,16
Hours Rage,Alec,Wayne,-0001,13
Hustler Party,Alec,Wayne,-0001,5
Identity Lover,Alec,Wayne,-0001,14
Insider Arizona,Alec,Wayne,-0001,12
Jeopardy Encino,Alec,Wayne,-0001,4
Joon Northwest,Alec,Wayne,-0001,15
Liberty Magnificent,Alec,Wayne,-0001,15
Magic Mallrats,Alec,Wayne,-0001,3
Money Harold,Alec,Wayne,-0001,13
Outbreak Divine,Alec,Wayne,-0001,10
Reign Gentlemen,Alec,Wayne,-0001,14
Smoking Barbarella,Alec,Wayne,-0001,6
Summer Scarface,Alec,Wayne,-0001,4
Uptown Young,Alec,Wayne,-0001,3
Virgin Daisy,Alec,Wayne,-0001,7
Academy Dinosaur,Sandra,Peck,-0001,6
Bang Kwai,Sandra,Peck,-0001,8
Beethoven Exorcist,Sandra,Peck,-0001,7
Beverly Outlaw,Sandra,Peck,-0001,14
Birds Perdition,Sandra,Peck,-0001,13
Boondock Ballroom,Sandra,Peck,-0001,16
Dude Blindness,Sandra,Peck,-0001,15
Dumbo Lust,Sandra,Peck,-0001,8
Enough Raging,Sandra,Peck,-0001,16
Excitement Eve,Sandra,Peck,-0001,1
Family Sweet,Sandra,Peck,-0001,11
Firehouse Vietnam,Sandra,Peck,-0001,1
Flash Wars,Sandra,Peck,-0001,13
Gilbert Pelican,Sandra,Peck,-0001,4
Matrix Snowman,Sandra,Peck,-0001,9
Rings Heartbreakers,Sandra,Peck,-0001,1
Silence Kane,Sandra,Peck,-0001,12
Stagecoach Armageddon,Sandra,Peck,-0001,1
Virginian Pluto,Sandra,Peck,-0001,6
Born Spinal,Sissy,Sobieski,-0001,16
Chitty Lock,Sissy,Sobieski,-0001,7
Clyde Theory,Sissy,Sobieski,-0001,13
Coast Rainbow,Sissy,Sobieski,-0001,6
Crazy Home,Sissy,Sobieski,-0001,5
Factory Dragon,Sissy,Sobieski,-0001,16
Ferris Mother,Sissy,Sobieski,-0001,5
Gone Trouble,Sissy,Sobieski,-0001,7
Greek Everyone,Sissy,Sobieski,-0001,9
Hoosiers Birdcage,Sissy,Sobieski,-0001,9
Mob Duffel,Sissy,Sobieski,-0001,7
Open African,Sissy,Sobieski,-0001,14
Prix Undefeated,Sissy,Sobieski,-0001,8
Rocky War,Sissy,Sobieski,-0001,7
Shrunk Divine,Sissy,Sobieski,-0001,1
Sky Miracle,Sissy,Sobieski,-0001,1
Telemark Heartbreakers,Sissy,Sobieski,-0001,2
Wisdom Worker,Sissy,Sobieski,-0001,5
Behavior Runaway,Tim,Hackman,-0001,11
Boiled Dares,Tim,Hackman,-0001,16
Bucket Brotherhood,Tim,Hackman,-0001,16
Calendar Gunfight,Tim,Hackman,-0001,9
Chaplin License,Tim,Hackman,-0001,13
Crusade Honey,Tim,Hackman,-0001,15
Cupboard Sinners,Tim,Hackman,-0001,6
Deep Crusade,Tim,Hackman,-0001,6
Feud Frogmen,Tim,Hackman,-0001,8
Fiddler Lost,Tim,Hackman,-0001,14
Harold French,Tim,Hackman,-0001,7
Homeward Cider,Tim,Hackman,-0001,6
Hoosiers Birdcage,Tim,Hackman,-0001,9
Lights Deer,Tim,Hackman,-0001,4
Meet Chocolate,Tim,Hackman,-0001,9
Mob Duffel,Tim,Hackman,-0001,7
Mummy Creatures,Tim,Hackman,-0001,15
Packer Madigan,Tim,Hackman,-0001,2
Peach Innocent,Tim,Hackman,-0001,15
Pearl Destiny,Tim,Hackman,-0001,9
Snatchers Montezuma,Tim,Hackman,-0001,4
Uptown Young,Tim,Hackman,-0001,3
Wizard Coldblooded,Tim,Hackman,-0001,12
Barefoot Manchurian,Milla,Peck,-0001,1
Calendar Gunfight,Milla,Peck,-0001,9
Chance Resurrection,Milla,Peck,-0001,15
Clash Freddy,Milla,Peck,-0001,2
Daughter Madigan,Milla,Peck,-0001,3
Dream Pickup,Milla,Peck,-0001,1
Fatal Haunted,Milla,Peck,-0001,13
Feathers Metal,Milla,Peck,-0001,10
Jacket Frisco,Milla,Peck,-0001,7
Juggler Hardly,Milla,Peck,-0001,2
Midnight Westward,Milla,Peck,-0001,1
Necklace Outbreak,Milla,Peck,-0001,7
Peach Innocent,Milla,Peck,-0001,15
Prejudice Oleander,Milla,Peck,-0001,4
Raiders Antitrust,Milla,Peck,-0001,6
Robbers Joon,Milla,Peck,-0001,3
Rock Instinct,Milla,Peck,-0001,11
Rushmore Mermaid,Milla,Peck,-0001,5
Seattle Expecations,Milla,Peck,-0001,7
Teen Apollo,Milla,Peck,-0001,16
Temple Attraction,Milla,Peck,-0001,11
Watership Frontier,Milla,Peck,-0001,11
Whisperer Giant,Milla,Peck,-0001,14
Wrong Behavior,Milla,Peck,-0001,3
Atlantis Cause,Audrey,Olivier,-0001,8
Boulevard Mob,Audrey,Olivier,-0001,13
Caper Motions,Audrey,Olivier,-0001,5
Cassidy Wyoming,Audrey,Olivier,-0001,16
Coneheads Smoochy,Audrey,Olivier,-0001,7
Control Anthem,Audrey,Olivier,-0001,5
Dorado Notting,Audrey,Olivier,-0001,12
French Holiday,Audrey,Olivier,-0001,6
Gunfighter Mussolini,Audrey,Olivier,-0001,15
Halloween Nuts,Audrey,Olivier,-0001,6
Human Graffiti,Audrey,Olivier,-0001,10
Kane Exorcist,Audrey,Olivier,-0001,9
Knock Warlock,Audrey,Olivier,-0001,5
Loathing Legally,Audrey,Olivier,-0001,4
Peak Forever,Audrey,Olivier,-0001,15
Redemption Comforts,Audrey,Olivier,-0001,13
Sense Greek,Audrey,Olivier,-0001,15
Ship Wonderland,Audrey,Olivier,-0001,6
Side Ark,Audrey,Olivier,-0001,1
Squad Fish,Audrey,Olivier,-0001,15
Sting Personal,Audrey,Olivier,-0001,13
Stranger Strangers,Audrey,Olivier,-0001,3
Usual Untouchables,Audrey,Olivier,-0001,9
Volume House,Audrey,Olivier,-0001,4
Whale Bikini,Audrey,Olivier,-0001,9
Aladdin Calendar,Judy,Dean,-0001,15
Arachnophobia Rollercoaster,Judy,Dean,-0001,11
Ballroom Mockingbird,Judy,Dean,-0001,9
Cyclone Family,Judy,Dean,-0001,9
Drop Waterfront,Judy,Dean,-0001,15
Gunfighter Mussolini,Judy,Dean,-0001,15
Modern Dorado,Judy,Dean,-0001,6
Mussolini Spoilers,Judy,Dean,-0001,15
Nash Chocolat,Judy,Dean,-0001,2
Quest Mussolini,Judy,Dean,-0001,1
Rings Heartbreakers,Judy,Dean,-0001,1
Rocketeer Mother,Judy,Dean,-0001,9
Rugrats Shakespeare,Judy,Dean,-0001,1
Soldiers Evolution,Judy,Dean,-0001,14
Trouble Date,Judy,Dean,-0001,16
Alien Center,Burt,Dukakis,-0001,9
Blindness Gun,Burt,Dukakis,-0001,14
Commandments Express,Burt,Dukakis,-0001,11
Dinosaur Secretary,Burt,Dukakis,-0001,8
Double Wrath,Burt,Dukakis,-0001,2
Ending Crowds,Burt,Dukakis,-0001,13
Greek Everyone,Burt,Dukakis,-0001,9
Grinch Massage,Burt,Dukakis,-0001,10
Gun Bonnie,Burt,Dukakis,-0001,10
Guys Falcon,Burt,Dukakis,-0001,14
Heaven Freedom,Burt,Dukakis,-0001,5
Home Pity,Burt,Dukakis,-0001,12
Homeward Cider,Burt,Dukakis,-0001,6
Image Princess,Burt,Dukakis,-0001,15
Intolerable Intentions,Burt,Dukakis,-0001,6
Jerk Paycheck,Burt,Dukakis,-0001,4
Kane Exorcist,Burt,Dukakis,-0001,9
King Evolution,Burt,Dukakis,-0001,8
Menagerie Rushmore,Burt,Dukakis,-0001,2
Money Harold,Burt,Dukakis,-0001,13
Motions Details,Burt,Dukakis,-0001,11
Random Go,Burt,Dukakis,-0001,14
Range Moonwalker,Burt,Dukakis,-0001,8
Reap Unfaithful,Burt,Dukakis,-0001,11
Right Cranes,Burt,Dukakis,-0001,4
Talented Homicide,Burt,Dukakis,-0001,15
Truman Crazy,Burt,Dukakis,-0001,1
Valentine Vanishing,Burt,Dukakis,-0001,16
Wanda Chamber,Burt,Dukakis,-0001,10
Aladdin Calendar,Val,Bolger,-0001,15
Alaska Phantom,Val,Bolger,-0001,12
Amadeus Holy,Val,Bolger,-0001,1
Canyon Stock,Val,Bolger,-0001,2
Caper Motions,Val,Bolger,-0001,5
Carrie Bunch,Val,Bolger,-0001,11
Chitty Lock,Val,Bolger,-0001,7
Dalmations Sweden,Val,Bolger,-0001,7
Drifter Commandments,Val,Bolger,-0001,1
Dude Blindness,Val,Bolger,-0001,15
Elephant Trojan,Val,Bolger,-0001,11
Fireball Philadelphia,Val,Bolger,-0001,5
Intrigue Worst,Val,Bolger,-0001,9
Jawbreaker Brooklyn,Val,Bolger,-0001,12
Jersey Sassy,Val,Bolger,-0001,3
Lambs Cincinatti,Val,Bolger,-0001,10
Lonely Elephant,Val,Bolger,-0001,5
Maker Gables,Val,Bolger,-0001,3
Mallrats United,Val,Bolger,-0001,5
Metropolis Coma,Val,Bolger,-0001,14
Model Fish,Val,Bolger,-0001,3
Paths Control,Val,Bolger,-0001,7
Patient Sister,Val,Bolger,-0001,4
Prejudice Oleander,Val,Bolger,-0001,4
Primary Glass,Val,Bolger,-0001,1
Shawshank Bubble,Val,Bolger,-0001,16
Stallion Sundance,Val,Bolger,-0001,14
Stampede Disturbing,Val,Bolger,-0001,10
Stranger Strangers,Val,Bolger,-0001,3
Town Ark,Val,Bolger,-0001,9
United Pilot,Val,Bolger,-0001,6
Watch Tracy,Val,Bolger,-0001,2
Wedding Apollo,Val,Bolger,-0001,6
Working Microcosmos,Val,Bolger,-0001,16
Youth Kick,Val,Bolger,-0001,12
Analyze Hoosiers,Tom,Mckellen,-0001,11
Caddyshack Jedi,Tom,Mckellen,-0001,1
Club Graffiti,Tom,Mckellen,-0001,2
Congeniality Quest,Tom,Mckellen,-0001,15
Desire Alien,Tom,Mckellen,-0001,2
Donnie Alley,Tom,Mckellen,-0001,2
Egg Igby,Tom,Mckellen,-0001,6
Freedom Cleopatra,Tom,Mckellen,-0001,5
Frisco Forrest,Tom,Mckellen,-0001,14
Gentlemen Stage,Tom,Mckellen,-0001,9
Idaho Love,Tom,Mckellen,-0001,13
Idols Snatchers,Tom,Mckellen,-0001,3
Indian Love,Tom,Mckellen,-0001,8
Kissing Dolls,Tom,Mckellen,-0001,1
Legend Jedi,Tom,Mckellen,-0001,12
Magic Mallrats,Tom,Mckellen,-0001,3
Mission Zoolander,Tom,Mckellen,-0001,2
Necklace Outbreak,Tom,Mckellen,-0001,7
Neighbors Charade,Tom,Mckellen,-0001,15
Purple Movie,Tom,Mckellen,-0001,9
Shrunk Divine,Tom,Mckellen,-0001,1
Spice Sorority,Tom,Mckellen,-0001,7
Stallion Sundance,Tom,Mckellen,-0001,14
Stranger Strangers,Tom,Mckellen,-0001,3
Tarzan Videotape,Tom,Mckellen,-0001,11
Bilko Anonymous,Goldie,Brody,-0001,8
Bingo Talented,Goldie,Brody,-0001,14
Comancheros Enemy,Goldie,Brody,-0001,3
Daisy Menagerie,Goldie,Brody,-0001,14
Desert Poseidon,Goldie,Brody,-0001,11
Everyone Craft,Goldie,Brody,-0001,9
Exorcist Sting,Goldie,Brody,-0001,15
